name,CAS,equation,A,B,C,D,E,Tmin_K,Tmax_K,uncertainty_upper_percent,data_type
1-PENTENE,109-67-1,100,1867000.0,0.0,0.0,0.0,0.0,298.15,298.15,25,S
1-HEXENE,592-41-6,100,2190000.0,0.0,0.0,0.0,0.0,298.15,298.15,25,S
1-HEPTENE,592-76-7,100,2828000.0,0.0,0.0,0.0,0.0,298.15,298.15,10,S
1-OCTENE,111-66-0,100,3555000.0,0.0,0.0,0.0,0.0,298.15,298.15,10,S
1-NONENE,124-11-8,100,4854000.0,0.0,0.0,0.0,0.0,298.15,298.15,25,S
1-DECENE,872-05-9,100,6459000.0,0.0,0.0,0.0,0.0,298.15,298.15,25,P
1-UNDECENE,872-05-9,100,8669000.0,-10030.0,-31.26,0.0,0.0,298.15,298.15,25,P
1-DODECENE,872-05-9,100,11080000.0,-50420.0,-217.3,0.2501,1.0,298.15,298.15,25,P
1-TRIDECENE,592-41-6,100,15130000.0,-12030.0,-38.44,0.0,0.0,298.15,298.15,50,P
1-TETRADECENE,872-05-9,100,18270000.0,0.0,0.0,0.0,0.0,298.15,298.15,50,P
1-PENTADECENE,13360-61-7,100,24930000.0,0.0,0.0,0.0,0.0,298.15,298.15,50,S
cis-2-PENTENE,627-20-3,100,1262000.0,0.0,0.0,0.0,0.0,298.15,298.15,5,E
trans-2-PENTENE,646-04-8,100,1293000.0,0.0,0.0,0.0,0.0,298.15,298.15,5,E
cis-2-HEPTENE,6443-92-1,100,2341000.0,0.0,0.0,0.0,0.0,298.15,298.15,10,E
trans-2-HEPTENE,14686-13-6,100,2292000.0,0.0,0.0,0.0,0.0,298.15,298.15,10,E
METHYL ACETATE,79-20-9,101,457.9,-25090.0,-64.46,0.0,0.0,293.15,343.25,10,E
ETHYL ACETATE,141-78-6,101,241.9,-15240.0,-32.3,0.0,0.0,288.15,353.15,10,E
n-PROPYL ACETATE,109-60-4,101,291.2,-17780.0,-39.39,0.0,0.0,298.0,343.25,10,E
n-BUTYL ACETATE,123-86-4,101,249.9,-16190.0,-33.05,0.0,0.0,273.15,363.65,10,E
ISOBUTYL ACETATE,110-19-0,101,82.84,-8464.0,-8.209,0.0,0.0,273.15,323.15,25,E
ISOPENTYL ACETATE,123-92-2,101,324.0,-19740.0,-43.86,0.0,0.0,273.15,363.85,10,E
ISOPROPYL ACETATE,108-21-4,101,-62.79,-2050.0,13.53,0.0,0.0,273.15,310.2,25,E
sec-BUTYL ACETATE,105-46-4,101,228.7,-14940.0,-29.98,0.0,0.0,273.15,363.65,10,E
VINYL ACETATE,108-05-4,101,181.6,-11630.0,-23.64,0.0,0.0,273.35,333.15,3,E
n-PENTYL ACETATE,628-63-7,101,425.6,-24730.0,-58.79,0.0,0.0,273.15,364.5,25,E
n-HEXYL ACETATE,142-92-7,101,442.5,-25420.0,-61.31,0.0,0.0,273.15,363.35,25,E
n-HEPTYL ACETATE,112-06-1,101,3811.0,119.1,0.0,0.0,0.0,298.15,298.15,25,P
n-OCTYL ACETATE,112-14-1,101,5471.0,-10360.0,-34.2,0.0,0.0,298.15,298.15,25,P
tert-BUTYL ACETATE,540-88-5,101,245.1,-15740.0,-32.27,0.0,0.0,273.15,353.65,10,E
CYCLOHEXYL ACETATE,622-45-7,101,261.7,-17290.0,-34.65,0.0,0.0,273.15,363.45,10,E
PHENYL ACETATE,122-79-2,101,250.3,-17130.0,-33.19,0.0,0.0,273.15,363.95,10,E
ACETALDEHYDE,75-07-0,101,24.62,-5570.0,0.0,0.0,0.0,273.0,318.15,10,E
PROPANAL,123-38-6,101,282.1,-17010.0,-38.44,0.0,0.0,278.15,318.15,5,E
BUTANAL,123-72-8,101,26.64,-6032.0,0.0,0.0,0.0,278.15,318.15,10,E
2-METHYLPROPANAL,78-84-2,100,1093.0,0.0,0.0,0.0,0.0,298.15,298.15,5,S
PENTANAL,110-62-3,101,28.51,-6494.0,0.0,0.0,0.0,278.15,318.15,10,E
HEPTANAL,111-71-7,101,32.56,-7502.0,0.0,0.0,0.0,283.15,318.15,25,E
HEXANAL,66-25-1,101,28.48,-6372.0,0.0,0.0,0.0,283.15,318.15,25,E
OCTANAL,124-13-0,101,32.53,-7342.0,0.0,0.0,0.0,283.15,318.15,10,E
NONANAL,124-19-6,101,31.45,-6837.0,0.0,0.0,0.0,283.15,318.15,25,E
2-ETHYLHEXANAL,123-05-7,101,26.62,-5414.0,0.0,0.0,0.0,273.15,363.15,25,E
2-ETHYL-2-HEXENAL,645-62-5,101,26.47,-5815.0,0.0,0.0,0.0,273.15,363.15,50,E
DECANAL,112-31-2,101,38.97,-8912.0,0.0,0.0,0.0,298.15,318.15,50,E
2-METHYL-,96-17-3,101,26.41,-5574.0,0.0,0.0,0.0,273.15,363.15,25,P
ACROLEIN,107-02-8,101,23.85,-5131.0,0.0,0.0,0.0,273.0,298.0,100,E
trans-CROTONALDEHYDE,123-73-9,101,192.8,-12870.0,-25.45,0.0,0.0,273.15,363.15,25,EP
METHACROLEIN,78-85-3,101,22.56,-4605.0,0.0,0.0,0.0,273.15,333.15,10,E
p-TOLUALDEHYDE,104-87-0,101,28.76,-7189.0,0.0,0.0,0.0,278.0,298.0,25,E
BENZALDEHYDE,100-52-7,101,584.4,-30180.0,-83.94,0.0,0.0,273.08,323.15,10,E
m-TOLUALDEHYDE,620-23-5,101,29.11,-7166.0,0.0,0.0,0.0,278.0,298.0,25,E
DIETHYL ETHER,60-29-7,101,285.4,-17270.0,-38.41,0.0,0.0,273.35,333.25,5,E
DIISOPROPYL ETHER,108-20-3,101,-14.01,-4538.0,6.784,0.0,0.0,273.15,334.15,10,E
DI-n-BUTYL ETHER,142-96-1,101,32.69,-6711.0,0.0,0.0,0.0,273.15,363.65,25,E
METHYL tert-BUTYL,1634-04-4,101,103.8,-9286.0,-11.29,0.0,0.0,273.15,343.15,10,E
METHYL ISOBUTYL,625-44-5,101,31.82,-6669.0,0.0,0.0,0.0,273.15,298.15,5,E
DI-n-HEXYL ETHER,112-58-3,101,89150.0,-7488.0,-25.48,0.0,0.0,298.15,298.15,25,P
METHYL n-BUTYL ETHER,628-28-4,101,753.6,-38360.0,-108.1,0.0,0.0,273.15,298.15,25,E
DI-n-PENTYL ETHER,693-65-2,101,51510.0,-5574.0,0.0,0.0,0.0,298.15,298.15,25,P
METHYL tert-PENTYL,994-05-8,101,229.4,-15450.0,-29.65,0.0,0.0,273.15,352.35,10,E
tert-BUTYL ETHYL ETHER,637-92-3,101,31.93,-6851.0,0.0,0.0,0.0,278.15,318.15,25,E
ETHYL tert-PENTYL ETHER,919-94-8,101,34.04,-7373.0,0.0,0.0,0.0,288.15,318.15,25,E
DI-n-PROPYL ETHER,111-43-3,101,457.5,-25410.0,-63.61,0.0,0.0,273.15,333.25,5,E
n-BUTYL ETHYL ETHER,628-81-9,101,258.5,-16000.0,-34.39,0.0,0.0,273.15,363.85,25,E
METHYLCYCLOHEXANE,108-87-2,101,410.1,-21470.0,-56.78,0.0,0.0,293.15,443.95,25,E
ETHYLCYCLOHEXANE,1678-91-7,101,1847.0,-61900.0,-304.6,0.3719,1.0,273.15,443.95,10,E
"cis-1,2-DIMETHYLCYCLO-",2207-01-4,101,390.7,-20620.0,-53.88,0.0,0.0,273.15,313.15,25,E
"trans-1,2-DIMETHYL-",6876-23-9,101,1558.0,-53590.0,-254.8,0.297,1.0,273.15,443.25,5,E
METHYL-CYCLOPENTANE,96-37-7,100,2005000.0,7831.0,27.27,6.321e-06,2.0,298.15,298.15,3,S
ETHYLACETYLENE,107-00-6,100,98530.0,0.0,0.0,0.0,0.0,298.15,298.15,25,S
1-PENTYNE,627-19-0,100,143600.0,0.0,0.0,0.0,0.0,298.15,298.15,25,S
1-HEXYNE,693-02-7,100,209300.0,0.0,0.0,0.0,0.0,298.15,298.15,25,S
1-OCTYNE,629-05-0,100,444500.0,0.0,0.0,0.0,0.0,298.15,298.15,25,S
1-NONYNE,3452-09-3,100,647700.0,0.0,0.0,0.0,0.0,298.15,298.15,25,S
1-HEPTYNE,628-71-7,100,305000.0,0.0,0.0,0.0,0.0,298.15,298.15,25,S
"2,3-XYLENOL",526-75-0,101,22.49,-6077.0,0.0,0.0,0.0,349.05,371.65,25,S
"2,4-XYLENOL",105-67-9,101,21.15,-5479.0,0.0,0.0,0.0,349.05,371.65,25,E
"2,5-XYLENOL",95-87-4,101,443.3,-27060.0,-61.54,0.0,0.0,278.0,371.65,10,E
"2,6-XYLENOL",576-26-1,101,189.2,-13640.0,-24.55,0.0,0.0,278.0,371.65,10,E
"3,4-XYLENOL",95-65-8,101,24.95,-7210.0,0.0,0.0,0.0,293.15,371.65,25,E
"3,5-XYLENOL",108-68-9,101,199.7,-15330.0,-25.8,0.0,0.0,293.15,371.65,25,E
PHENOL,108-95-2,101,528.3,-31050.0,-74.28,0.0,0.0,278.0,373.15,25,E
o-CRESOL,95-48-7,101,302.8,-19680.0,-41.19,0.0,0.0,293.15,371.65,5,E
m-CRESOL,108-39-4,101,71.24,-8354.0,-7.31,0.0,0.0,298.15,371.65,25,E
p-CRESOL,106-44-5,101,116.7,-10740.0,-13.9,0.0,0.0,298.0,371.65,3,E
2-PHENYLETHANOL,60-12-8,101,232.5,-16410.0,-30.94,0.0,0.0,283.15,373.15,10,P
o-TOLUIDINE,95-53-4,101,26.12,-7057.0,0.0,0.0,0.0,298.15,323.15,25,E
m-TOLUIDINE,108-44-1,101,26.44,-7202.0,0.0,0.0,0.0,298.15,323.15,25,E
p-TOLUIDINE,106-49-0,101,17.65,-4381.0,0.0,0.0,0.0,293.15,313.15,5,P
"N,N-DIETHYLANILINE",91-66-7,101,29.13,-6682.0,0.0,0.0,0.0,273.15,333.15,25,E
PYRIDINE,110-86-1,101,19.87,-4699.0,0.0,0.0,0.0,298.0,374.15,25,E
ANILINE,62-53-3,101,239.5,-16340.0,-31.99,0.0,0.0,298.0,374.15,10,E
2-METHYLPYRIDINE,109-06-8,101,25.33,-6348.0,0.0,0.0,0.0,298.0,313.15,5,E
o-ETHYLANILINE,578-54-1,101,224.0,-16050.0,-29.33,0.0,0.0,283.15,363.15,10,P
DIBENZOPYRROLE,86-74-8,101,13.87,-4292.0,0.0,0.0,0.0,278.15,308.15,50,E
"2,6-DIMETHYL-PYRIDINE",108-48-5,101,28.7,-7334.0,0.0,0.0,0.0,298.0,313.15,25,E
3-METHYLPYRIDINE,108-99-6,101,25.16,-6371.0,0.0,0.0,0.0,298.0,313.15,25,E
4-METHYLPYRIDINE,108-89-4,101,25.27,-6484.0,0.0,0.0,0.0,298.0,313.15,5,E
"2,4-DIMETHYLANILINE",95-68-1,101,327.1,-21020.0,-44.51,0.0,0.0,273.15,363.15,25,P
N-ETHYLANILINE,103-69-5,101,286.6,-19280.0,-38.21,0.0,0.0,273.15,363.15,10,E
BENZYL CHLORIDE,100-44-7,101,22.74,-4447.0,0.0,0.0,0.0,277.65,303.15,25,E
MONOCHLOROBENZENE,108-90-7,101,346.9,-18080.0,-48.49,0.0,0.0,274.15,353.16,10,E
o-DICHLOROBENZENE,95-50-1,101,804.1,-39790.0,-116.1,0.0,0.0,278.15,318.15,10,E
m-DICHLOROBENZENE,541-73-1,101,24.67,-4435.0,0.0,0.0,0.0,278.15,318.15,10,E
p-DICHLOROBENZENE,106-46-7,101,588.8,-30850.0,-83.5,0.0,0.0,278.15,346.55,10,E
HEXACHLOROBENZENE,118-74-1,101,31.08,-6570.0,0.0,0.0,0.0,278.15,318.15,25,E
o-CHLOROTOLUENE,95-49-8,101,25.3,-4528.0,0.0,0.0,0.0,274.15,318.15,25,E
p-CHLOROTOLUENE,106-43-4,101,26.21,-4854.0,0.0,0.0,0.0,278.15,318.15,25,E
"2,4-DICHLOROTOLUENE",95-73-8,101,26.6,-4973.0,0.0,0.0,0.0,278.15,323.1,10,E
"1,2,4-",120-82-1,101,30.85,-6372.0,0.0,0.0,0.0,278.15,318.15,25,E
"1,2,3-",87-61-6,101,24.46,-4581.0,0.0,0.0,0.0,277.15,323.15,25,E
BENZYL ACETATE,140-11-4,101,27.1,-6836.0,0.0,0.0,0.0,273.15,322.95,25,E
DI-n-PROPYL PHTHALATE,131-16-8,100,2.556,0.0,0.0,0.0,0.0,298.15,298.15,25,S
DI-n-HEXYL PHTHALATE,84-75-3,100,6.687,0.0,0.0,0.0,0.0,298.15,298.15,50,S
METHYL BENZOATE,93-58-3,101,272.8,-17380.0,-36.73,0.0,0.0,273.15,363.65,25,E
ETHYL BENZOATE,93-89-0,101,189.6,-13540.0,-24.29,0.0,0.0,273.15,363.45,25,E
BENZYL FORMATE,104-57-4,101,27.0,-7056.0,0.0,0.0,0.0,273.15,322.85,25,E
DIETHYL PHTHALATE,84-66-2,101,399.4,-26560.0,-54.48,0.0,0.0,278.15,374.15,10,E
DI-n-BUTYL PHTHALATE,84-74-2,101,916.5,-50760.0,-130.7,0.0,0.0,283.15,323.15,25,E
DIMETHYL PHTHALATE,131-11-3,101,273.9,-18990.0,-36.88,0.0,0.0,283.15,374.15,10,EP
BROMOMETHANE,74-83-9,101,23.16,-3762.0,0.0,0.0,0.0,273.15,305.15,25,E
BROMOETHANE,74-96-4,101,23.73,-3906.0,0.0,0.0,0.0,273.15,303.15,3,E
"1,1,2,2-",79-27-6,101,12.52,-1268.0,0.0,0.0,0.0,298.15,323.15,50,E
1-BROMOPROPANE,106-94-5,101,26.24,-4582.0,0.0,0.0,0.0,273.15,303.15,5,E
2-BROMOPROPANE,75-26-3,101,387.1,-20070.0,-54.19,0.0,0.0,273.15,303.15,5,E
1-BROMOBUTANE,109-65-9,100,74470.0,0.0,0.0,0.0,0.0,298.15,298.15,25,S
1-BROMOHEPTANE,629-04-9,100,248300.0,0.0,0.0,0.0,0.0,298.15,298.15,25,S
"1,2-DIBROMOETHANE",106-93-4,101,22.46,-4218.0,0.0,0.0,0.0,273.15,363.75,10,E
m-DIBROMOBENZENE,108-36-1,100,4750.0,0.0,0.0,0.0,0.0,298.15,298.15,25,E
BROMOBENZENE,108-86-1,101,452.6,-23570.0,-63.9,0.0,0.0,283.15,343.15,10,E
TRIBROMOMETHANE,75-25-2,101,24.2,-4824.0,0.0,0.0,0.0,283.0,313.15,10,E
DIBROMOMETHANE,74-95-3,101,123.9,-8812.0,-15.08,0.0,0.0,273.15,363.25,5,E
2-BROMOBUTANE,78-76-2,100,63190.0,0.0,0.0,0.0,0.0,298.15,298.15,10,E
p-BROMOTOLUENE,106-38-7,101,25.72,-4794.0,0.0,0.0,0.0,293.1,322.91,25,E
METHYL FLUORIDE,593-53-3,101,139.6,-7560.0,-18.05,0.0,0.0,273.21,353.4,3,E
PERFLUORO-n-HEXANE,355-42-0,100,5966000000.0,1272.0,0.0,0.0,0.0,298.15,298.15,100,E
PERFLUORO-n-OCTANE,307-34-6,100,68800000000.0,-29450.0,-95.48,0.0,0.0,298.15,298.15,100,E
"1,2-DIFLUOROBENZENE",367-11-3,101,23.09,-3710.0,0.0,0.0,0.0,298.15,322.89,25,E
FLUOROBENZENE,462-06-6,101,183.6,-11160.0,-23.81,0.0,0.0,273.15,353.15,10,E
HEXAFLUOROBENZENE,392-56-3,101,328.5,-18390.0,-44.7,0.0,0.0,281.46,339.76,3,E
PERFLUORO-n-PENTANE,678-26-2,100,1211000000.0,533.8,0.0,0.0,0.0,298.15,298.15,100,E
PERFLUORO-n-HEPTANE,335-57-9,100,18280000000.0,-4822.0,0.0,0.0,0.0,298.15,298.15,100,E
METHYL IODIDE,74-88-4,101,363.5,-18380.0,-51.18,0.0,0.0,273.15,322.91,5,E
ETHYL IODIDE,75-03-6,101,334.9,-17530.0,-46.61,0.0,0.0,273.15,303.15,3,E
n-PROPYL IODIDE,107-08-4,101,26.04,-4523.0,0.0,0.0,0.0,273.15,303.15,5,E
ISOPROPYL IODIDE,75-30-9,101,26.73,-4664.0,0.0,0.0,0.0,273.15,303.15,5,E
IODOBENZENE,591-50-4,101,1.569,2185.0,0.0,0.0,0.0,298.0,303.15,25,E
n-HEXYL IODIDE,638-45-9,100,163500.0,0.0,0.0,0.0,0.0,298.15,298.15,25,S
n-BUTYL IODIDE,542-69-8,100,80570.0,0.0,0.0,0.0,0.0,298.15,298.15,25,S
DICHLORODIFLUORO-,75-71-8,101,284.8,-14780.0,-38.76,0.0,0.0,274.0,313.9,25,E
TRICHLOROFLUORO-,75-69-4,101,24.71,-3438.0,0.0,0.0,0.0,274.0,313.9,10,E
"1,1,2-",76-13-1,101,28.23,-4110.0,0.0,0.0,0.0,275.15,303.15,25,E
NITROMETHANE,75-52-5,101,244.8,-13970.0,-33.86,0.0,0.0,273.15,363.15,10,E
NITROETHANE,79-24-3,101,180.4,-11740.0,-23.77,0.0,0.0,273.15,363.25,5,E
1-NITROPROPANE,108-03-2,101,203.2,-13130.0,-26.88,0.0,0.0,273.15,363.65,10,E
2-NITROPROPANE,79-46-9,101,169.7,-11380.0,-21.95,0.0,0.0,292.85,363.35,3,E
1-NITROBUTANE,627-05-4,100,724.5,0.0,0.0,0.0,0.0,298.15,298.15,25,S
o-NITROTOLUENE,88-72-2,101,24.93,-5806.0,0.0,0.0,0.0,283.15,313.15,10,E
p-NITROTOLUENE,99-99-0,101,28.04,-7129.0,0.0,0.0,0.0,281.0,338.0,10,E
m-NITROTOLUENE,99-08-1,101,28.66,-6962.0,0.0,0.0,0.0,283.15,313.15,25,E
NITROBENZENE,98-95-3,101,222.9,-14870.0,-29.53,0.0,0.0,283.15,372.85,5,E
"2,4-DINITROTOLUENE",121-14-2,101,260.5,-18300.0,-34.89,0.0,0.0,277.15,334.95,5,E
"2,6-DINITROTOLUENE",606-20-2,101,27.93,-7598.0,0.0,0.0,0.0,278.0,314.0,5,E
"3,4-DINITROTOLUENE",610-39-9,101,32.67,-9586.0,0.0,0.0,0.0,278.2,313.2,5,E
"2,4,6-TRINITROTOLUENE",118-96-7,101,135.1,-12700.0,-16.61,0.0,0.0,275.55,334.15,10,E
CARBON,56-23-5,101,374.6,-19680.0,-52.06,0.0,0.0,273.15,366.15,5,E
METHYL CHLORIDE,74-87-3,101,177.5,-9830.0,-23.45,0.0,0.0,273.15,366.15,10,E
ETHYL CHLORIDE,75-00-3,101,193.6,-10560.0,-25.81,0.0,0.0,281.15,366.15,25,E
VINYL CHLORIDE,75-01-4,101,33.05,-3487.0,-1.681,0.0,0.0,273.35,366.15,25,E
DICHLOROMETHANE,75-09-2,101,126.3,-7983.0,-15.78,0.0,0.0,273.15,366.15,10,E
CHLOROFORM,67-66-3,101,228.7,-13270.0,-30.56,0.0,0.0,273.15,366.15,3,E
"1,1-DICHLOROETHANE",75-34-3,101,258.7,-14450.0,-35.08,0.0,0.0,273.15,366.15,5,E
"1,2-DICHLOROETHANE",107-06-2,101,278.2,-15600.0,-38.1,0.0,0.0,273.15,366.15,10,E
"1,1,2-TRICHLOROETHANE",79-00-5,101,115.9,-8493.0,-13.84,0.0,0.0,273.15,363.95,5,E
HEXACHLOROETHANE,67-72-1,101,30.26,-6068.0,0.0,0.0,0.0,283.15,303.15,25,E
"1,1,1-TRICHLOROETHANE",71-55-6,101,78.12,-6437.0,-7.91,0.0,0.0,273.15,348.15,10,E
"1,1,1,2-",630-20-6,101,25.94,-4909.0,0.0,0.0,0.0,273.15,323.15,10,E
"1,1,2,2-",79-34-5,101,24.48,-4984.0,0.0,0.0,0.0,283.15,328.65,10,E
TRICHLOROETHYLENE,79-01-6,101,264.2,-14880.0,-35.7,0.0,0.0,274.22,366.15,5,E
TETRACHLORO-,127-18-4,101,307.7,-17170.0,-41.88,0.0,0.0,273.15,364.95,10,E
"cis-1,2-",156-59-2,101,222.8,-12900.0,-29.75,0.0,0.0,281.15,366.15,10,E
"trans-1,2-",156-60-5,101,24.1,-3940.0,0.0,0.0,0.0,283.15,323.15,10,E
PENTACHLOROETHANE,76-01-7,101,35.21,-7667.0,0.0,0.0,0.0,293.15,298.0,25,E
"1,1-DICHLOROETHYLENE",75-35-4,101,306.0,-16430.0,-41.91,0.0,0.0,275.15,363.65,10,E
"1,4-DICHLOROBUTANE",110-56-5,101,20.01,-3599.0,0.0,0.0,0.0,286.65,298.05,10,E
"1,5-DICHLOROPENTANE",628-76-2,101,22.16,-4045.0,0.0,0.0,0.0,274.15,295.85,50,E
"1,2-DICHLOROPROPANE",78-87-5,101,254.6,-14340.0,-34.54,0.0,0.0,273.15,353.35,10,E
ISOPROPYL CHLORIDE,75-29-6,101,26.21,-4393.0,0.0,0.0,0.0,273.15,303.15,10,E
"1,2,3-",96-18-4,101,13.66,-1857.0,0.0,0.0,0.0,275.05,318.15,25,E
"HEXACHLORO-1,3-",87-68-3,101,29.78,-5451.0,0.0,0.0,0.0,275.15,298.15,50,E
PROPYL CHLORIDE,540-54-5,101,26.25,-4489.0,0.0,0.0,0.0,273.15,310.15,10,E
n-BUTYL CHLORIDE,109-69-3,101,26.44,-4455.0,0.0,0.0,0.0,273.35,310.15,10,E
sec-BUTYL CHLORIDE,78-86-4,101,26.91,-4502.0,0.0,0.0,0.0,275.05,298.05,10,E
1-CHLOROPENTANE,543-59-9,101,407.8,-21000.0,-57.14,0.0,0.0,275.65,310.15,5,E
"1,3-DICHLOROPROPANE",142-28-9,101,18.98,-3134.0,0.0,0.0,0.0,275.05,303.15,25,E
CYCLOHEXANOL,108-93-0,101,28.35,-7692.0,0.0,0.0,0.0,298.0,333.15,25,E
CYCLOPENTANE,287-92-3,101,226.2,-12460.0,-29.95,0.0,0.0,298.0,426.25,10,E
CYCLOHEXANE,110-82-7,101,-1486.0,34890.0,266.7,-0.4584,1.0,274.25,424.15,25,E
CYCLOHEPTANE,291-64-5,100,826700.0,-30940.0,-71.54,0.0,0.0,298.15,298.15,10,P
CYCLOOCTANE,292-64-8,101,186.0,-11720.0,-23.37,0.0,0.0,273.15,313.15,10,E
CYCLOPENTENE,142-29-0,101,23.69,-3321.0,0.0,0.0,0.0,283.15,298.15,50,E
CYCLOHEXENE,110-83-8,101,24.23,-3602.0,0.0,0.0,0.0,278.26,318.36,25,E
CYCLOHEPTENE,628-92-2,100,270500.0,-8903.0,0.0,1478000.0,-2.0,298.15,298.15,25,E
CYCLOOCTENE,931-88-4,101,185.6,-11350.0,-23.7,0.0,0.0,273.15,313.15,5,E
"1,4-CYCLOHEXADIENE",628-41-1,101,24.24,-4047.17,0.0,0.0,0.0,278.26,318.36,25,E
"2,2-DIMETHYLBUTANE",75-83-2,100,9781000.0,0.0,0.0,0.0,0.0,298.15,298.15,25,S
"2,3-DIMETHYLBUTANE",79-29-8,101,389.8,-20370.0,-53.66,0.0,0.0,273.15,422.65,25,E
"2,4-DIMETHYLPENTANE",108-08-7,100,19370000.0,0.0,0.0,0.0,0.0,298.15,298.15,50,S
"3,3-DIMETHYLPENTANE",562-49-2,101,-1836.0,46680.0,325.5,-0.5334,1.0,298.15,423.64,25,E
"2,2-DIMETHYLHEXANE",590-73-8,101,683.1,-33530.0,-97.18,0.0,0.0,273.15,313.15,5,E
"2,5-DIMETHYLHEXANE",592-13-2,101,802.2,-38330.0,-115.3,0.0,0.0,273.15,313.15,3,E
BIPHENYL,92-52-4,101,693.3,-36530.0,-98.89,0.0,0.0,293.15,337.65,10,E
"1,4-DIOXANE",123-91-1,101,123.5,-10320.0,-15.0,0.0,0.0,273.35,374.15,25,E
TETRAHYDROPYRAN,142-68-7,101,217.0,-14320.0,-28.51,0.0,0.0,273.35,328.15,5,E
TETRAHYDROFURAN,109-99-9,101,24.92,-5663.0,0.0,0.0,0.0,273.35,328.15,10,E
DIBENZOFURAN,132-64-9,101,26.17,-5831.0,0.0,0.0,0.0,278.15,318.15,25,E
METHYL FORMATE,107-31-3,101,19.95,-3806.0,0.0,0.0,0.0,285.65,333.25,10,E
ETHYL FORMATE,109-94-4,101,20.76,-3974.0,0.0,0.0,0.0,293.15,333.25,25,E
n-PROPYL FORMATE,110-74-7,101,23.56,-4788.0,0.0,0.0,0.0,272.15,333.15,10,E
n-BUTYL FORMATE,592-84-7,101,20.07,-3697.0,0.0,0.0,0.0,273.15,363.75,25,E
ISOBUTYL FORMATE,542-55-2,101,25.64,-5223.0,0.0,0.0,0.0,273.15,333.55,10,E
n-PENTYL FORMATE,638-49-3,101,272.0,-16820.0,-36.42,0.0,0.0,273.15,363.65,25,E
tert-BUTYL FORMATE,762-75-4,101,20.41,-3621.0,0.0,0.0,0.0,278.15,308.15,5,E
ACETONE,67-64-1,101,132.7,-10160.0,-16.39,0.0,0.0,273.0,373.15,10,E
METHYL ETHYL KETONE,78-93-3,101,225.3,-14510.0,-30.0,0.0,0.0,273.0,373.15,10,E
3-PENTANONE,96-22-0,101,255.8,-16030.0,-34.33,0.0,0.0,273.15,310.2,10,E
METHYL ISOBUTYL,108-10-1,101,230.6,-15220.0,-30.34,0.0,0.0,273.15,363.55,10,E
3-HEPTANONE,106-35-4,101,223.6,-15590.0,-28.9,0.0,0.0,273.15,363.25,10,E
4-HEPTANONE,123-19-3,101,276.6,-17750.0,-36.87,0.0,0.0,273.15,363.35,10,E
3-HEXANONE,589-38-8,101,30.27,-7070.0,0.0,0.0,0.0,293.15,310.2,10,E
2-PENTANONE,107-87-9,101,217.9,-14500.0,-28.65,0.0,0.0,273.15,363.65,10,E
METHYL ISOPROPYL,563-80-4,101,273.7,-16860.0,-37.02,0.0,0.0,265.15,453.15,10,P
2-HEXANONE,591-78-6,101,153.6,-12060.0,-18.76,0.0,0.0,273.15,312.75,10,E
2-HEPTANONE,110-43-0,101,287.8,-18270.0,-38.58,0.0,0.0,273.15,363.65,5,E
5-METHYL-2-HEXANONE,110-12-3,101,305.2,-19040.0,-41.17,0.0,0.0,273.15,362.85,5,E
"3,3-DIMETHYL-2-",75-97-8,101,169.4,-12170.0,-21.31,0.0,0.0,273.15,363.35,5,E
DIISOBUTYL KETONE,108-83-8,101,351.6,-21650.0,-47.5,0.0,0.0,273.15,363.85,10,E
DIISOPROPYL KETONE,565-80-0,101,160.3,-11970.0,-19.72,0.0,0.0,273.15,363.45,10,E
5-NONANONE,502-56-7,101,290.1,-19380.0,-38.24,0.0,0.0,273.15,363.75,25,E
2-NONANONE,821-55-6,101,315.4,-20010.0,-42.27,0.0,0.0,273.15,364.35,25,E
ACETYLACETONE,123-54-6,101,16.85,-3780.0,0.0,0.0,0.0,303.15,373.15,25,E
CYCLOPENTANONE,120-92-3,101,23.41,-5848.0,0.0,0.0,0.0,293.2,353.15,100,E
CYCLOHEXANONE,108-94-1,101,24.94,-6365.0,0.0,0.0,0.0,298.0,353.15,10,E
2-OCTANONE,111-13-7,101,327.4,-20680.0,-44.06,0.0,0.0,273.15,364.15,25,E
ACETOPHENONE,98-86-2,101,407.1,-24640.0,-56.26,0.0,0.0,278.0,318.15,25,E
3-OCTANONE,106-68-3,101,196.5,-14270.0,-24.83,0.0,0.0,273.15,364.15,10,E
3-NONANONE,925-78-0,101,29.08,-6587.0,0.0,0.0,0.0,273.15,353.35,25,E
"2,6,8-TRIMETHYL-4-",123-18-2,101,5209.0,-4277.0,-9.471,0.0,0.0,298.15,298.15,25,P
ISOPROPYL MERCAPTAN,75-33-2,101,22.95,-3670.0,0.0,0.0,0.0,288.15,318.15,10,E
n-BUTYL MERCAPTAN,109-79-5,101,400.8,-21010.0,-56.13,0.0,0.0,288.15,333.15,10,E
2-METHYLPENTANE,107-83-5,101,401.3,-20960.0,-55.29,0.0,0.0,273.15,422.65,25,E
3-METHYLPENTANE,96-14-0,100,9326000.0,12590.0,50.99,-0.04402,1.0,298.15,298.15,3,S
2-METHYLHEXANE,591-76-4,100,19200000.0,0.0,0.0,0.0,0.0,298.15,298.15,10,E
3-METHYLHEXANE,589-34-4,100,17160000.0,0.0,0.0,0.0,0.0,298.15,298.15,10,E
3-METHYLHEPTANE,589-81-1,100,20940000.0,0.0,0.0,0.0,0.0,298.15,298.15,10,E
4-METHYLHEPTANE,589-53-7,100,20660000.0,0.0,0.0,0.0,0.0,298.15,298.15,5,E
2-METHYL-2-BUTENE,513-35-9,101,148.6,-8954.0,-18.39,0.0,0.0,273.16,322.88,3,E
METHANOL,67-56-1,101,104.0,-9075.0,-12.33,0.0,0.0,273.0,373.15,10,E
ETHANOL,64-17-5,101,174.5,-13010.0,-22.37,0.0,0.0,273.0,373.15,10,E
1-PROPANOL,71-23-8,101,221.6,-15670.0,-29.04,0.0,0.0,273.0,373.15,10,E
1-BUTANOL,71-36-3,101,318.9,-20390.0,-43.29,0.0,0.0,273.0,373.15,10,E
1-PENTANOL,71-41-0,101,274.3,-18350.0,-36.61,0.0,0.0,273.35,371.15,10,E
1-HEXANOL,111-27-3,101,298.7,-19780.0,-40.03,0.0,0.0,298.0,363.15,25,E
1-HEPTANOL,111-70-6,101,339.9,-21930.0,-45.93,0.0,0.0,273.0,375.0,10,EP
1-OCTANOL,111-87-5,101,475.1,-28580.0,-65.67,0.0,0.0,288.15,363.45,10,EP
1-NONANOL,143-08-8,101,482.3,-29110.0,-66.58,0.0,0.0,288.15,363.15,25,E
1-DECANOL,112-30-1,101,538.5,-31550.0,-74.95,0.0,0.0,288.15,363.15,10,E
1-UNDECANOL,112-42-5,100,403.0,0.0,0.0,0.0,0.0,298.15,298.15,50,P
1-DODECANOL,112-53-8,100,466.8,0.0,0.0,0.0,0.0,298.15,298.15,50,P
ETHYLAMINE,75-04-7,100,66.18,11620.0,29.74,0.0,0.0,298.15,298.15,10,S
n-PROPYLAMINE,107-10-8,100,82.55,10630.0,28.8,0.0,0.0,298.15,298.15,10,S
n-BUTYLAMINE,109-73-9,100,103.0,12770.0,32.89,0.0,0.0,298.15,298.15,10,S
n-PENTYLAMINE,110-58-7,100,128.4,8883.0,21.25,0.0,0.0,298.15,298.15,10,S
n-HEXYLAMINE,111-26-2,100,160.2,0.0,0.0,0.0,0.0,298.15,298.15,10,S
n-HEPTYLAMINE,111-68-2,100,199.9,0.0,0.0,0.0,0.0,298.15,298.15,25,S
n-OCTYLAMINE,111-86-4,100,249.3,0.0,0.0,0.0,0.0,298.15,298.15,25,S
n-PENTANE,109-66-0,101,-1239.0,27060.0,225.7,-0.4087,1.0,273.15,422.65,25,E
n-HEXANE,110-54-3,101,405.6,-21090.0,-55.95,0.0,0.0,273.15,443.15,10,E
n-HEPTANE,142-82-5,101,421.3,-21890.0,-58.19,0.0,0.0,273.15,443.75,25,E
n-OCTANE,111-65-9,101,505.2,-26220.0,-70.32,0.0,0.0,273.15,456.15,25,E
n-NONANE,111-84-2,101,727.5,-37210.0,-102.8,0.0,0.0,287.95,409.75,50,E
n-DECANE,124-18-5,100,41650000.0,0.0,0.0,0.0,0.0,298.15,298.15,50,S
BENZENE,71-43-2,101,609.1,-23770.0,-96.19,0.09737,1.0,273.15,527.15,3,E
TOLUENE,108-88-3,101,660.5,-25450.0,-104.9,0.1101,1.0,261.7,473.55,5,E
ETHYLBENZENE,100-41-4,101,361.9,-19880.0,-49.94,0.0,0.0,273.15,373.15,5,E
n-PROPYLBENZENE,103-65-1,101,246.3,-14500.0,-32.76,0.0,0.0,273.65,328.15,10,E
n-BUTYLBENZENE,104-51-8,101,413.2,-22260.0,-57.44,0.0,0.0,273.65,373.15,5,E
n-HEPTYLBENZENE,1078-71-3,100,207900.0,-17790.0,-54.43,0.0,0.0,298.15,298.15,10,P
n-DECYLBENZENE,104-72-3,100,728500.0,0.0,0.0,0.0,0.0,298.15,298.15,10,S
n-PENTYLBENZENE,538-68-1,101,400.5,-22400.0,-55.1,0.0,0.0,280.15,318.15,10,E
n-HEXYLBENZENE,1077-16-3,101,367.5,-21360.0,-49.85,0.0,0.0,278.15,318.15,10,E
n-OCTYLBENZENE,2189-60-8,100,300500.0,5570.0,0.0,0.0,0.0,298.15,298.15,10,P
n-NONYLBENZENE,1081-77-2,100,386600.0,-41120.0,-208.0,0.2466,1.0,298.15,298.15,25,P
NAPHTHALENE,91-20-3,101,359.2,-20270.0,-49.73,0.0,0.0,275.05,346.55,3,E
1-METHYL-,90-12-0,101,27.22,-5758.0,0.0,0.0,0.0,277.25,304.85,10,E
2-METHYL-,91-57-6,101,25.06,-5113.0,0.0,0.0,0.0,277.25,304.15,25,E
1-ETHYL-NAPHTHALENE,1127-76-0,101,27.78,-5919.0,0.0,0.0,0.0,281.55,304.85,10,E
ACETONITRILE,75-05-8,101,-2.253,-3365.0,3.205,0.0,0.0,273.0,353.15,5,E
PROPIONITRILE,107-12-0,101,94.56,-7820.0,-11.1,0.0,0.0,278.15,298.15,25,E
ACRYLONITRILE,107-13-1,101,19.26,-3863.0,0.0,0.0,0.0,273.15,343.15,3,E
METHACRYLONITRILE,126-98-7,101,272.9,-15370.0,-37.56,0.0,0.0,273.15,353.15,10,P
n-BUTYRONITRILE,109-74-0,101,133.3,-10010.0,-16.5,0.0,0.0,273.15,313.15,3,E
VALERONITRILE,110-59-8,101,26.3,-6092.0,0.0,0.0,0.0,273.15,303.15,25,E
ISOBUTYRONITRILE,78-82-0,101,23.82,-5246.0,0.0,0.0,0.0,273.15,303.15,25,E
BENZONITRILE,100-47-0,101,309.7,-18340.0,-42.67,0.0,0.0,273.15,363.15,25,E
VINYLACETONITRILE,109-75-1,101,22.09,-4916.0,0.0,0.0,0.0,273.15,303.15,5,E
PHENYLACETONITRILE,140-29-4,101,26.65,-6778.0,0.0,0.0,0.0,273.15,303.15,100,E
o-NITROANILINE,88-74-4,101,22.56,-6802.0,0.0,0.0,0.0,298.15,313.25,50,E
p-NITROANILINE,100-01-6,101,22.28,-8150.0,0.0,0.0,0.0,293.15,313.25,10,E
DIETHYL CARBONATE,105-58-8,101,302.2,-18590.0,-40.99,0.0,0.0,273.15,363.45,5,E
DIMETHYL CARBONATE,616-38-6,101,219.3,-13730.0,-29.37,0.0,0.0,273.35,333.15,3,E
ISOPROPANOL,67-63-0,101,232.1,-16070.0,-30.6,0.0,0.0,273.0,373.15,10,E
2-METHYL-1-PROPANOL,78-83-1,101,384.0,-23210.0,-52.99,0.0,0.0,273.35,374.15,10,E
2-BUTANOL,78-92-2,101,294.5,-19390.0,-39.56,0.0,0.0,273.0,371.15,5,E
2-METHYL-2-PROPANOL,75-65-0,101,237.8,-16820.0,-31.09,0.0,0.0,273.0,371.15,10,E
2-PENTANOL,6032-29-7,101,324.0,-20930.0,-43.77,0.0,0.0,273.35,371.15,5,E
2-METHYL-2-BUTANOL,75-85-4,101,280.0,-18980.0,-37.19,0.0,0.0,273.35,371.45,5,E
2-METHYL-1-BUTANOL,137-32-6,101,367.1,-22880.0,-50.21,0.0,0.0,273.35,363.15,5,E
"2,2-DIMETHYL-1-",75-84-3,101,336.0,-21360.0,-45.48,0.0,0.0,285.15,363.15,25,P
2-HEXANOL,626-93-7,101,332.6,-21480.0,-44.86,0.0,0.0,273.15,363.35,25,EP
3-HEXANOL,623-37-0,101,338.5,-21970.0,-45.6,0.0,0.0,273.15,363.45,5,EP
3-METHYL-1-PENTANOL,589-35-5,101,409.7,-25400.0,-56.2,0.0,0.0,273.15,363.65,10,P
3-METHYL-3-PENTANOL,77-74-7,101,177.0,-13830.0,-21.97,0.0,0.0,282.95,363.55,10,P
3-PENTANOL,584-02-1,101,305.4,-19890.0,-41.1,0.0,0.0,273.35,371.15,5,E
3-METHYL-1-BUTANOL,123-51-3,101,459.0,-27010.0,-63.92,0.0,0.0,273.35,374.15,10,E
3-METHYL-2-BUTANOL,598-75-4,101,312.1,-20170.0,-42.08,0.0,0.0,273.35,371.15,3,E
2-HEPTANOL,543-49-7,101,378.2,-24000.0,-51.35,0.0,0.0,273.15,363.35,5,P
3-HEPTANOL,589-82-2,101,365.9,-23760.0,-49.33,0.0,0.0,273.15,363.35,10,E
4-METHYL-2-PENTANOL,108-11-2,101,265.7,-17770.0,-35.2,0.0,0.0,273.15,363.35,10,EP
2-OCTANOL,123-96-6,101,516.7,-30940.0,-71.54,0.0,0.0,273.15,363.65,10,P
2-NONANOL,628-99-9,101,540.0,-32880.0,-74.44,0.0,0.0,273.15,363.65,25,P
"2,6-DIMETHYL-4-",108-82-7,101,259.3,-19150.0,-33.13,0.0,0.0,273.15,363.65,25,P
DIMETHYLAMINE,124-40-3,100,89.02,0.0,0.0,0.0,0.0,298.15,298.15,50,S
TRIETHYLAMINE,121-44-8,100,596.1,0.0,0.0,0.0,0.0,298.15,298.15,5,S
DI-n-PROPYLAMINE,142-84-7,100,257.6,0.0,0.0,0.0,0.0,298.15,298.15,25,S
DIETHYLAMINE,109-89-7,100,151.4,-16520.0,-41.48,0.0,0.0,298.15,298.15,25,S
DI-n-BUTYLAMINE,111-92-2,100,438.3,0.0,0.0,0.0,0.0,298.15,298.15,50,S
TRI-n-BUTYLAMINE,102-82-9,101,34.25,-8719.0,0.0,0.0,0.0,273.15,353.15,25,E
"2,3,4-",565-75-3,100,17010000.0,-10470.0,-31.46,0.0,0.0,298.15,298.15,5,P
"2,2,5-TRIMETHYLHEXANE",3522-94-9,101,37.97,-6194.0,0.0,0.0,0.0,273.15,298.15,10,E
o-XYLENE,95-47-6,101,328.4,-18150.0,-45.16,0.0,0.0,273.15,353.15,10,E
m-XYLENE,108-38-3,101,485.3,-21210.0,-73.87,0.05787,1.0,273.15,543.75,10,E
p-XYLENE,106-42-3,101,825.6,-32830.0,-130.2,0.1238,1.0,273.15,568.05,10,E
CUMENE,98-82-8,101,27.09,-4790.0,0.0,0.0,0.0,288.15,318.15,10,E
"1,2,3-",526-73-8,101,25.34,-4560.0,0.0,0.0,0.0,288.15,318.15,25,E
"1,2,4-",95-63-6,101,26.14,-4676.0,0.0,0.0,0.0,288.15,318.15,5,E
MESITYLENE,108-67-8,101,230.1,-13510.0,-30.55,0.0,0.0,283.15,373.15,25,E
p-DIETHYLBENZENE,105-05-5,101,28410.0,2844.0,0.0,0.0,0.0,293.15,293.15,100,E
"1,2,3,4-",488-23-3,101,29.68,-5913.0,0.0,0.0,0.0,288.15,308.15,100,E
"1,2,4,5-",95-93-2,100,40790.0,0.0,0.0,0.0,0.0,298.15,298.15,10,E
CYCLOHEXYLAMINE,108-91-8,101,202.4,-15280.0,-25.96,0.0,0.0,298.15,372.82,25,E
TRIALLYLAMINE,102-70-5,101,401.0,-23930.0,-55.02,0.0,0.0,273.15,363.15,25,E
FLUORANTHENE,206-44-0,101,27.55,-6910.0,0.0,0.0,0.0,281.25,333.15,10,E
FLUORENE,86-73-7,101,26.65,-6145.0,0.0,0.0,0.0,279.75,333.15,10,E
ANTHRACENE,120-12-7,101,368.3,-21850.0,-50.88,0.0,0.0,273.45,347.85,5,E
PHENANTHRENE,85-01-8,101,422.3,-24620.0,-58.73,0.0,0.0,277.15,346.55,5,E
CHRYSENE,218-01-9,101,41.04,-11840.0,0.0,0.0,0.0,279.65,302.15,25,E
PYRENE,129-00-0,101,307.8,-19370.0,-41.93,0.0,0.0,277.85,347.85,5,E
ACENAPHTHENE,83-32-9,101,24.69,-5381.0,0.0,0.0,0.0,277.25,347.85,25,E
ACENAPHTHALENE,208-96-8,101,27.48,-6263.0,0.0,0.0,0.0,277.25,304.15,25,E
BENZO[a]PYRENE,50-32-8,101,31.08,-8515.0,0.0,0.0,0.0,281.15,308.15,10,E
BENZO[b]FLUORANTHENE,205-99-2,101,19.49,-5422.0,0.0,0.0,0.0,283.15,328.15,10,E
METHYLAL,109-87-5,101,22.7,-4738.0,0.0,0.0,0.0,273.35,333.15,25,E
"1,2-DIMETHOXYETHANE",110-71-4,101,251.1,-17220.0,-33.28,0.0,0.0,273.35,372.5,3,E
DIETHYLENE GLYCOL DI-,112-73-2,101,46.02,-12800.0,0.0,0.0,0.0,273.15,293.15,100,P
ANISOLE,100-66-3,101,21.58,-4179.0,0.0,0.0,0.0,275.15,363.85,5,E
DIPHENYL ETHER,101-84-8,100,2903.0,0.0,0.0,0.0,0.0,298.15,298.15,50,S
HYDROGEN PEROXIDE,7722-84-1,101,21.42,-7235.0,0.0,0.0,0.0,278.15,297.15,25,E
STYRENE,100-42-5,101,21.9,-3653.0,0.0,0.0,0.0,293.32,313.02,5,E
2-BUTOXYETHANOL,111-76-2,101,29.22,-8275.0,0.0,0.0,0.0,293.15,303.15,25,E
VANILLIN,121-33-5,101,-390.9,11440.0,61.27,0.0,0.0,293.15,318.15,5,E
MALATHION,121-75-5,101,28.79,-8274.0,0.0,0.0,0.0,283.15,303.15,25,E
ETHYL ISOVALERATE,108-64-5,101,244.3,-16000.0,-32.01,0.0,0.0,273.15,363.65,10,E
DIETHYL MALONATE,105-53-3,101,273.1,-18460.0,-36.6,0.0,0.0,273.15,363.75,10,P
ETHYL TRIMETHYL,3938-95-2,101,261.9,-16930.0,-34.41,0.0,0.0,273.15,363.55,25,E
METHYL,3031-73-0,101,20.49,-5244.0,0.0,0.0,0.0,277.15,297.15,3,E
ETHYL HYDROPEROXIDE,3031-74-1,101,22.88,-5985.0,0.0,0.0,0.0,278.15,297.15,10,E
"N,N-",68-12-2,101,205.1,-15700.0,-26.92,0.0,0.0,289.4,372.0,25,E
N-METHYLFORMAMIDE,123-39-7,101,20.81,-7161.0,0.0,0.0,0.0,333.15,372.65,5,E
"N,N-",127-19-5,101,24.8,-8014.0,0.0,0.0,0.0,343.15,372.28,10,E
o-CHLOROANILINE,95-51-2,101,1336.0,-50420.0,-217.3,0.2501,1.0,298.15,431.15,25,P
p-,100-00-5,101,24.14,-5868.0,0.0,0.0,0.0,283.15,313.15,10,E
DI(2-,111-44-4,101,210.7,-14400.0,-27.67,0.0,0.0,273.15,364.85,5,E
ETHYLCHLOROACETATE,105-39-5,101,254.6,-16300.0,-34.15,0.0,0.0,273.15,333.25,10,E
METHYL,96-34-4,101,175.5,-12390.0,-22.68,0.0,0.0,273.15,323.35,5,E
N-METHYL-2-,872-50-4,101,460.0,-30110.0,-63.72,0.0,0.0,298.8,372.85,5,E
DIMETHYL SULFOXIDE,67-68-5,101,21.15,-7789.0,0.0,0.0,0.0,298.8,337.9,25,E
METHYL SALICYLATE,119-36-8,101,463.5,-28520.0,-63.94,0.0,0.0,273.15,363.65,25,E
2-ETHOXYETHYL,111-15-9,100,18.5,0.0,0.0,0.0,0.0,303.15,303.15,10,E
ETHYL ACETOACETATE,141-97-9,101,26.1,-7239.0,0.0,0.0,0.0,273.15,303.15,25,EP
ETHYLENE GLYCOL,112-07-2,100,30.62,0.0,0.0,0.0,0.0,298.15,298.15,25,E
METHYL PROPIONATE,554-12-1,101,26.05,-5719.0,0.0,0.0,0.0,273.15,310.2,5,E
ETHYL PROPIONATE,105-37-3,101,296.3,-17860.0,-40.21,0.0,0.0,273.15,353.45,25,E
n-PROPYL PROPIONATE,106-36-5,101,229.9,-15360.0,-29.96,0.0,0.0,273.15,363.65,10,E
n-BUTYL PROPIONATE,590-01-2,101,278.5,-17950.0,-36.94,0.0,0.0,273.15,363.55,10,E
n-PROPYL n-BUTYRATE,105-66-8,101,258.7,-16600.0,-34.22,0.0,0.0,273.15,363.65,25,E
METHYL n-BUTYRATE,623-42-7,101,166.5,-11960.0,-20.91,0.0,0.0,273.15,363.65,25,E
ETHYL n-BUTYRATE,105-54-4,101,194.9,-13550.0,-24.88,0.0,0.0,273.15,363.65,25,E
ISOBUTYL ISOBUTYRATE,97-85-8,101,288.7,-18320.0,-38.32,0.0,0.0,273.15,363.45,25,E
n-BUTYL n-BUTYRATE,109-21-7,101,370.6,-22600.0,-50.32,0.0,0.0,273.15,363.45,10,E
METHYL ISOBUTYRATE,547-63-7,101,202.4,-13470.0,-26.25,0.0,0.0,273.15,353.45,10,E
ETHYL ISOBUTYRATE,97-62-1,101,187.1,-13080.0,-23.7,0.0,0.0,273.15,363.75,10,P
n-PENTYL n-BUTYRATE,540-18-1,101,29.55,-6393.0,0.0,0.0,0.0,273.15,363.65,25,E
ISOPENTYL BUTYRATE,106-27-4,101,307.6,-19730.0,-40.87,0.0,0.0,282.55,363.85,100,E
DIMETHYL SULFIDE,75-18-3,101,208.3,-11840.0,-27.97,0.0,0.0,272.35,353.45,10,E
DIMETHYL DISULFIDE,624-92-0,101,21.2,-3695.0,0.0,0.0,0.0,273.2,343.15,10,E
2-METHYLTHIOPHENE,554-14-3,101,23.9,-4287.0,0.0,0.0,0.0,298.15,343.15,10,E
DIISOPROPYL SULFIDE,625-80-9,101,26.28,-4889.0,0.0,0.0,0.0,298.15,343.15,10,E
ETHYL ACRYLATE,140-88-5,101,21.99,-4393.0,0.0,0.0,0.0,298.6,360.2,10,P
METHYL,80-62-6,101,285.3,-16900.0,-38.8,0.0,0.0,273.35,333.15,3,E
