number,name,main_group,main_group_name,R,Q
1,CH3,1,CH2,0.9011,0.848
2,CH2,1,CH2,0.6744,0.54
3,CH,1,CH2,0.4469,0.228
4,C,1,CH2,0.2195,0
5,CH2=CH,2,C=C,1.3454,1.176
6,CH=CH,2,C=C,1.1167,0.867
7,CH2=C,2,C=C,1.1173,0.988
8,CH=C,2,C=C,0.8886,0.676
9,C=C,2,C=C,0.6605,0.485
10,ACH,3,ACH,0.5313,0.4
11,AC,3,ACH,0.3652,0.12
12,OH,4,OH,1,1.2
13,CH3OH,5,CH3OH,1.0,1.0
14,H2O,6,H2O,0.92,1.4
15,CH3CO,7,CH2CO,1.6724,1.488
16,CH2CO,7,CH2CO,1.4457,1.488
17,CHO,8,CHO,0.998,0.948
18,CH3COO,9,CCOO,1.9031,1.728
19,CH2COO,9,CCOO,1.6764,1.42
20,CH3O,10,CH2O,1.145,0.9
21,CH2O,10,CH2O,0.9183,0.78
22,CH-O,10,CH2O,0.6908,0.65
23,THF,10,CH2O,0.9183,1.1
24,NH2,11,NH2,0.6948,1.15
25,CH3NH,12,CNH2NG,1.4337,1.05
26,CH2NH,12,CNH2NG,1.207,0.936
27,CHNH,12,CNH2NG,0.9795,0.624
28,CH3N,13,CH2N,1.1865,0.94
29,CH2N,13,CH2N,0.9597,0.632
30,ANH2,14,ANH2,0.6948,1.4
31,C5H5N,15,PYRIDINE,2.9993,2.113
32,C5H4N,15,PYRIDINE,2.8332,1.833
33,C5H3N,15,PYRIDINE,2.667,1.553
34,CH3CN,16,CCN,1.8701,1.724
35,CH2CN,16,CCN,1.6434,1.416
36,COOH,17,COOH,1.3013,1.224
37,CH2CL,18,CCL,1.4654,1.264
38,CHCL,18,CCL,1.238,0.952
39,CCL,18,CCL,1.0106,0.724
40,CH2CL2,19,CCL2,2.2564,1.988
41,CHCL2,19,CCL2,2.0606,1.684
42,CCL2,19,CCL2,1.8016,1.448
43,CHCL3,20,CCL3,2.87,2.41
44,CCL3,20,CCL3,2.6401,2.184
45,CCL4,21,CCL4,3.39,2.91
