name,CAS,c1,c2,c3
hydrogen,1333-74-0,0.1334,0.0000,0.0000
oxygen,7782-44-7,0.5456,-0.2451,0.3385
nitrogen,7727-37-9,0.5427,-0.0524,-0.3381
carbon monoxide,630-08-0,0.5836,0.0000,0.0000
carbon dioxide,124-38-9,0.8653,-0.4386,1.3447
hydrogen sulfide,7783-06-4,0.5507,0.4534,-0.5841
methane,74-82-8,0.5472,-0.3992,0.5751
acetylene,74-86-2,0.9071,-1.5975,4.5697
ethene,74-85-1,0.8479,-0.3421,0.6603
ethane,74-84-0,0.6853,-0.4284,0.7382
propene,115-07-1,0.7517,-0.6277,1.7387
propane,74-98-6,0.7726,-0.5090,1.0306
butane,106-97-8,0.8487,-0.5520,1.0774
pentane,109-66-0,0.9372,-0.7656,1.8478
hexane,110-54-3,1.0827,-1.2797,2.6177
heptane,142-82-5,1.0874,-0.7465,1.5765
octane,111-65-9,1.0736,0.0656,-0.2720
nonane,111-84-2,1.1365,0.0786,-0.3464
decane,124-18-5,1.1406,0.5867,-1.3610
1-butene,106-98-9,0.8389,-0.9122,2.8447
2-methyl-1-pentene,763-29-1,0.8373,0.0117,0.3814
1-hexene,592-41-6,0.9408,-0.3064,0.6032
1-heptene,592-76-7,1.0478,-0.5869,1.1697
1-octene,111-66-0,1.0844,-0.3636,0.7564
benzene,71-43-2,0.8457,-0.3856,0.8843
toluene,108-88-3,0.9363,-0.4585,0.8674
ethylbenzene,100-41-4,0.9918,-0.4355,0.8143
p-xylene,106-42-3,1.1190,-1.2050,2.1300
m-xylene,108-38-3,1.0285,-0.4432,0.6927
methanol,67-56-1,1.4450,-0.8150,0.2486
ethanol,64-17-5,1.4252,0.1898,-1.3014
1-propanol,71-23-8,1.2645,1.2138,-2.4077
2-propanol,67-63-0,1.3542,0.9546,-2.1524
2-methyl-1-propanol,78-83-1,1.2048,0.8148,0.3299
2-methyl-2-propanol,75-65-0,1.2064,1.1632,-0.4743
1-butanol,71-36-3,1.1345,1.7856,-2.8325
2-butanol,78-92-2,1.0175,2.4045,-3.4954
1-pentanol,71-41-0,1.3138,0.0962,0.9660
1-hexanol,111-27-3,1.2187,0.8378,-0.6983
water,7732-18-5,1.0873,-0.6377,0.6345
acetone,67-64-1,0.9998,-0.4137,0.5345
butanone,78-93-3,1.0429,-0.5621,0.7275
methyl acetate,79-20-9,1.0232,-0.4357,0.8420
ethyl butyrate,105-54-4,1.1490,-0.3372,0.0873
ethyl acetate,141-78-6,1.1197,-0.6744,1.3238
butyl acetate,123-86-4,0.9940,0.9555,-2.3004
methyl ether,115-10-6,0.8837,-1.0325,2.8278
ethyl ether,60-29-7,1.0500,-1.3238,3.0278
propyl ether,111-43-3,1.1780,-1.2082,2.2417
butyl ether,142-96-1,1.2158,-0.5675,0.7140
triethylene glycol,112-27-6,2.4920,-1.4627,-2.6264
